sentence_markdown,sectionId,classifierNotes,classificationMistakes,isVerified
Abso-[bloody]-lutely not.,"Selection,sentence_Q95_kgXeerF1B4Yyb4,2",Expletive insertion is classified as Infix to stress an edge case that is morphologically debatable.,,
"[By and large], the migration worked.","Selection,sentence_xztlu_Abq9IEnLf7Gi,0",Sentence-initial capitalization is preserved only in clicked Text.,,
Could you [wind] the old clock?,"Selection,sentence_TfHrqD0ESu7TaplpiX,4",Wind as a verb is modeled separately from wind as weather; pronunciation contrast is outside the object.,,
Do it [like] I showed you.,"Selection,sentence_gU2tt-YrhhwxU1J3kY,4",Like as a subordinator is marked SCONJ with vernacular style because many registers prefer as.,,
[Does] this key open the archive?,"Selection,sentence_U9DwIGzOa8TSiZ73Jt,0",Sentence-initial Does keeps normalizedSurface lowercase while clicked Text preserves casing.,,
"During my [walk] in a park, I saw a squirrel.","Selection,sentence_30rQNDvo3AIvQR_5LM,4",,,
"For this layout, [less is more].","Selection,sentence_ja0FGJPF0l6qXv3O93,7",Less is more is treated as an aphorism rather than a proverb because it states a maxim without narrative proverb form.,,
I [definately] saved the file.,"Selection,sentence_rD417V7LqeMN3YEjML,2","Definately is a typo of definitely; mark only `selectedOrthography: ""Typo""` here, not a spelling variant, because the intended resolved surface is canonical.",,
I emailed [them] yesterday.,"Selection,sentence_S3Q0QGiVYsBLGgX7oL,4",Them is an accusative surface of they; singular-they readings are not separately encoded.,,
I know [that] you tried.,"Selection,sentence_i2doz2xDyLuG5Kvs-t,4","Complementizer that is SCONJ; no clause-type feature exists, so POS carries the distinction.",,
I [saw] the comet through binoculars.,"Selection,sentence_xqmfb2cU0Pml0zRWFX,2","Saw is the past finite surface of see, not the citation noun saw.",,
"If I [were] you, I would wait.","Selection,sentence_Fk-lxl-mt6VgwGSVqs,4",Were in if I were you is AUX with Mood=Sub; the schema allows mood without forcing person or number.,,
I'[ll] call when I arrive.,"Selection,sentence_AIBHcb3olXWJJxUjSM,2","The apostrophe is outside the selected substring, so `surface.spelling: ""Variant""` marks the mismatch against the clitic lemma.",,
Is [OK] still acceptable here?,"Selection,sentence_i8ar0bQO1a7zXqRKBE,2",OK is treated as a standard spelling variant of the canonical lemma okay.,,
Mira finally [spilled] the beans.,"Selection,sentence_Rz0u0i6SJJdZhE_oqg,4","Inflected spilled is selected inside an idiom, but Phraseme currently has citation surfaces only, so this is a partial selection of the citation form.",,
"Move [that] chair, please.","Selection,sentence_bZLBsv16dQ-Fsg5JOh,2","That before a noun is DET, distinct from pronominal and complementizer that.",,
"[My bad], I merged the wrong branch.","Selection,sentence_-V5jdtFvL5ElKYMbbY,0","My bad is categorized by discourse function Apology, not by the adjective bad.",,
"[No worries], I already fixed it.","Selection,sentence_Lv4D00_mEusniYUwFn,0",No worries is a discourse formula rather than compositional negation plus noun.,,
Please [lead] the discussion today.,"Selection,sentence_w4c7onQ-_-_4Suv0xC,2",Verb lead is kept separate from noun lead despite identical spelling.,,
Please [look] it up before replying.,"Selection,sentence_2LCAEi1T9sTRgWEpBh,2",Discontinuous phrasal verb look ... up is approximated as a partial selection of the citation surface look up.,,
"Remember, the [early bird] catches the worm.","Selection,sentence_5IC-DHAGLIh_JPaQMK,5",Partial proverb selection tests whether the model recovers the full proverb from a salient fragment.,,
[Running] before breakfast clears my head.,"Selection,sentence_M-BOWUBrPVR33isPve,0","Gerund running is a VERB inflection, not a noun, despite occupying a nominal clause position.",,
[See] you later at the station.,"Selection,sentence_Gjlc4dcMniQi7bbArN,0","Only See is selected, but the intended formula is see you later.",,
Send the [e-mail] before noon.,"Selection,sentence_ktTxTklFP4e7lnGa0k,4","Hyphenated e-mail is a standard variant of email, not a typo.",,
She gave [up] after midnight.,"Selection,sentence_xIBOExLYf7d656tQk5,4",Clicking the particle resolves the complete phrasal-verb occurrence `gave up`; the click is one member of that Surface.,,
She performed [best] under pressure.,"Selection,sentence_jVuCQDb4XpaPPvLGwr,4","Best is modeled as a superlative adverb here, not an adjective, because it modifies performed.",,
Tag the issue with [#] before the number.,"Selection,sentence_DkaQijcDKxy8FR-q4G,8","The symbol surface # points to a worded canonical lemma, number sign.",,
That answer was [un]believable.,"Selection,sentence_lohX58SH3DniQsW1An,6","The canonical prefix contains a hyphen, but the selected substring inside a word does not, so it is marked Variant and Partial.",,
[That] was unexpected.,"Selection,sentence_DKVDt4T1RxtcaY2dPn,0",Standalone that is PRON; it shares its surface spelling with the DET and SCONJ examples.,,
The [bio]reactor failed overnight.,"Selection,sentence_yyuSvaqjy9k_uaYxhC,2","Bio is modeled as a bound root in bioreactor, not as a free clipping of biography.",,
The [data] are still inconsistent.,"Selection,sentence_2p887y04TSv6S_9LiM,2","Data is treated as a plural inflection of datum, even though contemporary usage often treats data as mass or singular.",,
The estimate was thirty[ish] minutes.,"Selection,sentence_x5bwKW9s1wvqgs5TcY,7","The suffix citation includes a leading hyphen, while the attested substring omits it.",,
The note was [written] in pencil.,"Selection,sentence_kmPFxSLXVVuhqq7ctq,6",Voice=Pass is context-sensitive for English participles; it is included to test whether the model accepts contextual morphology.,,
The old laptop finally [kicked] the bucket.,"Selection,sentence_gTmrGuO-rLyVxL8Smw,8","The literal verb is inflected in the sentence, but the idiom entry stays citation-form only.",,
The pipe contained traces of [lead].,"Selection,sentence_TNCTjGC1T2eciPBAqI,10",Material lead is a noun lexeme; pronunciation is not represented in the current model.,,
The plane will [take] off at dawn.,"Selection,sentence_TnqEvCrJ2HKksBNVUX,6","Only the verb component is selected, but the Lemma and surface are the phrasal verb take off.",,
The report says [COVID-ish] twice.,"Selection,sentence_0GvQ8bmaPyYqWW0x2I,6",The hybrid nonce token is X with Foreign=Yes because it resists clean POS assignment in isolation.,,
The [saw] needs a new blade.,"Selection,sentence_a6bVhAD6v9qGLtxgDy,2",Tool saw is a noun citation surface; the model can keep it distinct from the verb surface saw.,,
The sign advertised [acommodation] nearby.,"Selection,sentence_tGjnsoT-1Gd_LqozH4,6",Acommodation is represented as Typo with normalized surface accommodation; no edit-distance metadata exists.,,
The [Smiths] invited everyone over.,"Selection,sentence_KPJsMtTPgqleLq4081,2",Family-name plural is PROPN with inflectional number rather than a common noun.,,
The [twenty-first] attempt finally passed.,"Selection,sentence_rdzpTeo3Lutu97P4Mz,2",The hyphenated ordinal modifying a noun is ADJ with ordinal number features.,,
The [wind] shifted before dawn.,"Selection,sentence_lae_rssI9T-1eYfcru,2",Wind as weather is a noun citation surface sharing spelling with the verb wind.,,
These [scissors] are blunt.,"Selection,sentence_kQD1L38oATY9CFuyu9,2",Scissors uses Number=Ptan to stress plurale-tantum support.,,
[They] left their umbrella here.,"Selection,sentence_5nxxGUJYrCo8c2MFEo,0",They is marked plural because the current English PRON schema has number but no singular-they semantic flag.,,
This exam was a [walk] in the park.,"Selection,sentence_bn6eNf8fxZ5IQBSAkI,8",,,
This is the [better] option.,"Selection,sentence_B_N6eSP96MEiFwYtKT,6",Irregular comparative better is attached to the Lemma good with Degree=Cmp.,,
Use [half] the flour first.,"Selection,sentence_ULFtf9AYp5MR1UoGLu,2","Half before a noun phrase is DET with fractional number features, not NUM.",,
We [depend] on accurate labels.,"Selection,sentence_XzH7eRJjNlh1q17rUs,2",Depend on uses hasGovPrep rather than phrasal because on is governed by the verb.,,
[Whose] keys are these?,"Selection,sentence_10r0wzYy5dykiepx3j,0",Whose is attached to who with possessive and interrogative inherent features plus genitive surface case.,,
Yesterday I [read] the warning twice.,"Selection,sentence_JUl1_FcA5xNeHg-eNn,4",Past-tense read is orthographically identical to the citation form; the distinction lives only in surfaceKind and inflectionalFeatures.,,
